Title,Mutation or Blessing,Description,Severity
Golden Armada,Mutation,The Golden Armada patrols the map,2
Low-Quality Minerals,Mutation,Mineral resource patches have fewer minerals,2
Meat Grinder,Mutation,"Zerglings, marines, and/or zealots constantly spawn from 3 randomly-selected enemy buildings and attack your base",3
10 Minutes Until Destruction,Mutation,After 10 minutes all enemies will attack your base,4
Investors,Blessing,You start with 1000 additional minerals,1
Multi-Class,Blessing,"You start with an additional scv, drone, and probe",1
Darkness,Mutation,Reduce the the vision range of all of your units by 3,2
Adrenaline,Mutation,Enemies move and attack 30% faster,3
Siege Mode,Mutation,The enemy has sieged tanks scattered around the map,1
Drakken Laser Drill,Mutation,The enemy has a Drakken Laser Drill,4
Arms Race,Mutation,Enemy damage is increased by 10% every 2 minutes,3
Archons,Mutation,Archons patrol the map,1
Sniper Thor,Mutation,"A thor with enhanced health, range, and damage is somewhere on the map",1
Tower Defense,Mutation,"Hostile probes continually build photon cannons, shield batteries, and pylons around the map",2
Cloaked Nightmare,Mutation,All enemies are cloaked,5
Rising Gas Prices,Mutation,Units cost 50% more vespene gas,2
Drop Pods,Mutation,Drop pods filled with terran infantry randomly drop around the map,3
Viking Raids,Mutation,Vikings periodically try to land in your mineral lines,2
Dark Templar,Mutation,Dark Templar attack your base,3
Fragile Workers,Mutation,Your workers have 1 hit point,1
Squishy,Mutation,"Your units have all 0 armor, even with upgrades",2
Picky Eaters,Mutation,Supply structures and bases provide far less supply,2
Decay,Mutation,"Each of your units gain one stack of decay every minute. For each stack of decay, a unit takes 1 damage every 10 seconds.",3
Forced Variety,Mutation,Building a unit increases its cost for the rest of the mission,2
Power Overwhelming,Blessing,Your workers can merge into archons,2
Drakken Laser Drill,Blessing,Workers can construct a Drakken Laser Drill for 800 minerals and gas,4
Juggernaut,Blessing,Your units gain armor equal to their supply cost but move 15% slower,1
Explosive Armor,Blessing,"Your units explode on death, dealing damage to enemies proportional to their supply cost",3
Speedy,Blessing,Your units move at 2x speed,3
Assembly Line,Blessing,Produce every thing 2x faster,2
(hero) Commander,Blessing,you gain (hero). They respawn 60 seconds after dying.,2
Farseers,Blessing,You gain full map vision,1
Air Support,Blessing,"Random allied aircraft spawn to attack the enemies, but you cannot control them",2
Fire Squad,Blessing,Start with a squad of fiery units,1
Fuel Pipeline,Blessing,Gain 3 vespene gas every second,2
Constant Evolution,Blessing,Your units gain 1 maximum HP every 5 seconds,2
Zombies,Blessing,"Whenever any unit dies, they spawn an allied infested terran",4
Zombies,Mutation,"Whenever any unit dies, they spawn a hostile infested terran",3
Compound Interest,Blessing,Increase your mineral supply by 10% every 30 seconds.,2
Transports,Blessing,Start with durable transports,1
Blink,Blessing,All of your units have the blink ability,2
Jetpacks,Mutation,"All enemy marines, zealots, and zerglings can fly and sometimes attack your base",2
Limited Bank,Mutation,You cannot store more than 1500 total resources at a time,1
Leviathan In Orbit,Mutation,Many zerg drop pods constantly rain down,5
Lost Vikings,Blessing,"Every 60 seconds, gain a viking in a random location",1
Warfield's Reinforcements,Blessing,Warfield sends many allied drop pods to aid you in random locations,4
Heroes of the Storm,Mutation,Enemy heroes wander the map (Warning: some may be cloaked),3
Too many Wraiths,Mutation,Independent enemy wraiths attack from all sides,2
Instant workers,Blessing,Your workers build instantly,2
Horde Mode,Blessing,"Your units cost half as much, build twice as fast, and have 25% fewer hit points",3
Nuclear Annihilation,Mutation,"Every 30 seconds, a nuke can land ANYWHERE",3
Elite Soldiers,Blessing,Your trained units and structures have a 15% increase to all of their stats,2
Void Thrashers,Mutation,Void Thrashers spawn to siege your base,4
Energy Leak,Mutation,Your units and structures all lose 1 energy every 3 seconds,1
Energy Overload,Blessing,Your units produce energy 3x faster,1
Occasional Thor,Blessing,"Whenever you train a unit, you have a 4% chance of training a Thor instead",1
Occasional Ultralisk,Blessing,"Whenever you train a unit, you have a 4% chance of training an Ultralisk instead",1
Occasional Colossus,Blessing,"Whenever you train a unit, you have a 4% chance of training a Colossus instead",1
Rapid Repair,Blessing,Your SCVs repair 5x as fast,1
Occasional Thor,Mutation,Some enemy units are actually Thors,1
Occasional Ultralisk,Mutation,Some enemy units are actually Ultralisks,1
Occasional Colossus,Mutation,Some enemy units are actually Colossi,1
Enemy Regeneration,Mutation,Enemy units and structures all recover 5 life and shield per second,3
Blinding Light,Blessing,Reduce the vision range of enemies by 4,2
Specialists,Blessing,Start with a wide variety of spellcasters,1
Fortifications,Blessing,Your buildings all have +5 armor,1
Baneling Stream,Blessing,Your main bases all spawn banelings that automatically attack the enemy base,4
Tychus,Blessing,"You can technically control tychus, but he is automatically issued an attack move order towards the enemy every 10-25 seconds.",1
Unexpected Evolution,Blessing,"When you train a unit, there is a chance to actually train a more expensive unit.",2
ANOTHER GORGON,Blessing,"Warfield is sending gorgon after gorgon to assist you, but they are quite fragile",2
ANOTHER GORGON,Mutation,"The enemy sends many gorgons at you, but they are quite fragile",2
Zagara's Aid,Blessing,Every 10 minutes Zagara sends 100 banelings to aid you.,2
Burrowed Zerglings,Mutation,There are 150 burrowed zerglings scattered throughout the map,1
Stealth Tunnels,Blessing,All of your units can move while burrowed,1
Logistics,Blessing,Your maximum supply is 400,1
Lurker Defense,Blessing,"You start with 4 lurkers and 4 impalers to protect your base, but they move slowly",1
Building Overcharge,Blessing,All of your buildings shoot lasers,3
Mira's Mercenaries,Mutation,Mira Han has mercenaries on the map on the enemy team. If you have 6000 minerals you purchase them for yourself,2
Tactical Binoculars,Mutation,Enemies have double range,4
Tal'darim Reinforcements,Mutation,Absurdly Deadly Tal'darim armies repeatedly attack after the 20 minute mark,4
Combat Workers,Blessing,"Your workers have triple health, damage, speed, and attack speed",2
No Deaths Allowed,Mutation,"Whenever one of your units die, spawn an enemy ultralisk with timed life in its place",7
Glass Cannons,Blessing,Your units deal double damage but have 35% less health,1
Victory is Temporary,Mutation,Enemy units have a 50% chance of respawning 1 minute after they die,5
Ghost Reporting,Blessing,You start with 3 ghosts and a ghost academy with unlimited nukes,1
Odin,Blessing,You start with the odin,4
Nuclear Workers,Mutation,Your workers set off a nuclear explosion when they die,1
Bounty Kills,Blessing,You gain 4 minerals and 2 gas every time you kill an enemy unit,1
Glorious Martyrs,Blessing,"whenever one of your units die, all nearby units gain a permanent speed and attack speed bonus",4
Inflatable Soldiers,Blessing,Your non-worker units continually grow in all ways but become become slower over time,4
Double Time,Mutation,All units move and attack twice as fast.,1
Shrinkage,Mutation,Your units continually shrink over time,3
Mineral Thieves,Mutation,The enemy repeatedly calls down MULEs to steal your mineral fields,1
Active enemies,Mutation,Enemies move around independently a lot more,2
Infinite Larva,Blessing,Your bases produce nearly unlimited larva,2
Zagara's Banelings,Mutation,"Every 10 minutes, zagara sends 100 banelings towards your base",3
Reflective Armor,Blessing,Your units reflect 50% of incoming damage back to attackers,2
Buddy System,Mutation,Your units rapidly take damage when not near an ally,3
Torrasque,Mutation,The Torrasque attacks your base. Every time you kill him he gets stronger,3
Raynor's Raiders,Mutation,The Hyperion regularly flies by your base along with many of Raynor's reinforcements,6
Purifier,Mutation,The purifier with a golden armada escort slowly approaches your base,4
Nexus Shield,Mutation,The enemy has a special nexus somewhere. All enemy units have 300 shields until it is destroyed.,4
Gargantuan Enemies,Mutation,"Enemy units are gargantuan and have 50% more health, damage, size, and range",5
Dehaka's Pack,Mutation,Dehaka and swarms of primal zerg constantly attack your base,5
Zombie Apocalypse,Mutation,Every unit that dies spawns multiple infested terran that attack your base,5
Arguments,Mutation,Your units occasionally get in arguments and fight each other,2
Combat Pay,Mutation,You lose 4 minerals every time you kill an enemy unit,2
Nuclear Structures,Mutation,Enemy structures detonate in a nuclear explosion on death,1
Resource Swap,Mutation,"When you obtain vespene gas, obtain minerals instead. when you obtain minerals, obtain vespene gas instead.",1
Rich Vespene,Blessing,All vespene geysers are replaced with rich vespene geysers,1
Rich Minerals,Blessing,All mineral fields are replaced with rich mineral fields,1
Marauder Kill Teams,Mutation,"After 5 minutes, 2 Marauder Kill Teams begin patrolling the map",2
Resource Pickups,Blessing,mineral and gas resource pickups scattered around the map,1
Hellion Run-by,Mutation,Hellions try to run into your mineral lines,2
Diamondbacks,Mutation,50 diamondbacks wander all over the place,3
Leviathan Approaching,Mutation,The Leviathan floats outside your base spawning mutalisks and brood lords,5
Odin,Mutation,The enemy base has an odin in it. After 13 minutes it attacks your base.,3
Ultimate Harassment,Mutation,"The enemy sends many wraiths, vikings, and hellions bother you",5
Brakk's Pack,Mutation,Brakk and a massive primal army awaits on the map. It attacks after 10 minutes.,5
Orlan's Planetary Fortress,Mutation,Colonel Orlan has a well-defended Planetary Fortress on the map that gains 1 range every 30 seconds.,4
Enemy Spear of Adun,Mutation,The enemy has the Spear of Adun. Let's see how YOU like it,7
True Golden Armada,Mutation,A massive golden armada patrols the map,6
