Unit,Price
Wraith,50
Scout,100
Swarm Host,100
Firebat,100
Arbiter,100
Diamondback,100
Cyclone,100
Predator,50
Vulture,100
Hellion,100
Widow Mine,100
Viper,100
Lurker,50
Bullfrog,100
Infested Liberator,50
Infested Marine,100
Infested Diamondback,100
Oracle,50
Disruptor,100
Trireme,100
Stalwart,100
Pulsar,100
Automated Extractors (Zerg),150
Improved Overlords (Overlord),100
Malignant Creep (Zerg),100
Twin Drones (Zerg),150
Vespene Efficiency (Zerg),150
Zergling Reconstitution (Zerg),150
Matrix Overload (Protoss),100
Nexus Overcharge (Protoss),150
Orbital Assimilators (Protoss),150
Warp Harmonization (Protoss),100
Superior Warp Gates (Protoss),100
Elder Probes (Protoss),100
Enhanced Targeting (Protoss),100
Quatro (Protoss),150
Khalai Ingenuity (Protoss),100
Probe Warp-In (Protoss),100
Optimized Ordnance (Protoss),150
Cellular Reactor (Terran),100
Micro-Filtering (Terran),150
Progressive Fire-Suppression System (Terran),100
Tech Reactor (Terran),150
Vanadium Plating (Terran),100
Ultra-Capacitors (Terran),150
Progressive Regenerative Bio-Steel (Terran),150
Orbital Depots (Terran),100
Automated Refinery (Terran),150
Nydus Worm,50
Bile Launcher,100
Echidna Worm,100
Sensor Tower,50
Bunker,100
Psi Disruptor,100
Medivac,100
Hercules,100
Raven,100
Shield Battery,100
archipelago scout variants,80
archipelago void ray variants,80
