Boon Title,Description,Cost
Random Permanent Blessing,Permanently gain a random blessing (rarity) blessing,250 x severity of blessing
Permanent Blessing: (Blessing),Permanently gain the blessing: (Blessing). (blessing description),350 x severity of blessing
(Race) Upgrade Pack,"Gain 5 random upgrades for units you have already unlocked. After purchasing, check console to see which upgrades you obtained.",200
Saving Grace,Gain extra blessings just for the next mission,200
Reroll Mutations and Blessings,Reroll all mutations and blessings for all missions. Credit rewards will be adjusted.,200
Shop Expansion,There are more items available in the shop.,300
Reroll Shop,Reroll every item currently in the shop,100
Archon Cannons,Your Photon Cannons and Dragoons shoot mini-archons with timed life,700
Defender,Your defensive structures gain 50% range and damage,500
Deadly Weapons,Your units all deal 30% more damage,800
Auto-repair,All of your units and structures gain 1 life and shield regeneration,500
Rapid-Fire,All your units and structures attack 30% faster,900
Enhanced Control,"When you mind-control a unit, triple its health and attack speed",300
Shields for all,"Whenever you train a unit, it gains 50 shields",1000
Adamantium Blades,All of your units' melee attacks deal double damage,900
Cloning Technology,"Whenever you train a unit, also create a clone of that unit out of your control that automatically attacks the enemy",1100
Fire Power,"Every time your fiery units kill an enemy, increase the attack speed of all fiery units by 10% until the end of the level.",400
Heavy Armor,"Your thors, ultralisks, and archons gain +5 armor",500
Unlimited Blink,Your stalkers can blink much more often,500
Interplanetary Fortress,Your Planetary Fortresses gain 100 range,1000
Enlarged Banelings,Your banelings have triple the explosion radius,500
Corrosive Claws,"Your zerglings reduce the armor of their targets by 1, stacking indefinitely",600
For Aiur!,"Whenever one of your zealots dies, there is a 10% chance of warping in reinforcements that automatically attack the enemy",700
Toxic Gaze,Enemies near your observers passively take damage,500
Viking Anchors,"While landed, your vikings cannot move but gain 10 armor, double attack speed, and +2 range",300
Mobile Siege,Siege tanks can still move while sieged,700
Risky Investment,"Add curses to the next mission, but gain 1000 extra credits on completion",50
Golden Goose Egg,"Gain an extra (300 x severity) credits at the end of every mission, but permanently gain the mutation: (mutation) (mutation description)",50
Unlimited Power,Halve all cooldowns and energy requirements for all abilities,1000
Chain Reaction,"When an enemy dies, spawn a baneling where it died",1600
Unstable Colossi,Your colossi attack faster the lower their hp is,400
Concussed Shells,Marauder missiles move 90% slower but deal 10x damage.,400
Banshee Swarm,"Whenever you train a banshee, train 6 mini banshees instead",400
Roach Infestation,Your roaches are free,400
Hyrda Storms,Your hydralisk attack projectiles cause psionic storms when they land,400
Roachling Mines,Your spider mines spawn 5 roachlings when they die,300
Broodling evolution,your broodlings and continually evolve and become permanent every time they get kills,400
Maddening Shades,"When an adept shade successfully completes, spawn a random temporary unit at the destination",500
Missile Defense System,"Your missile turrets gain +50% damage, range, hp, and attack speed",400
Stretchy Spines,"When a spine crawler kills a unit, permanently increase its range by 10%",300
Gargantuan Units,"When you train a unit, it gains 50% damage, health, damage, size, and range",1600
Chaos Blessings,Randomly gain more blessings each mission,800
Energized Queens,Your swarm queens and brood queens have 10x energy regeneration,400
Goliaths Online,"Whenever you train a goliath, train an additional goliath for free and costing no additional supply",400
Regenerative Abberations,Your abberations gain 10 life regeneration per second,400
Infantry Reinforcements,"Whenever one of your terran infantry dies, there is a chance of calling in a drop pod with reinforcements",600
Acidic Landing Markers,"Whenever one of your banelings dies, there is a 20% chance to call down a zerg drop pod",500
Permanent Stimpack,"Your terran infantry all have double speed, fire rate, and energy regeneration, but constantly lose 1 hp per second",400
Recycled Armor Suits,"Whenever one of your terran infantry dies, gain 25 minerals and 10 gas",400
Invasion Fleet,"At the 5 minute mark of each mission, many zerg drop pods attack the enemy for 1 minute",1700
Dead Man Switch,"When one of your spectres die, a circle of nukes lands around them",500
Reflective Carapace,Your roaches and ultralisks reflect all incoming damage back to their attackers,400
Cell Division (Ultralisk),"When your ultralisks die, spawn 6 roaches in their place",400
Spine Rifling,Hydralisks gain double range,500
Guided Shells,Your siege tanks can shoot air units,500
Zergling Infestation,"When your zerglings damage a unit, if the target dies within the next 10 seconds it spawns zerglings under your control",600
Hyperion,The first battlecruiser you build each mission is the hyperion,1400
Leviathan,The first corruptor you build each mission is the leviathan,1200
True Scouts,"Your scouts have +10 vision range, +3 movement speed, and detect stealthed units",300
True Carriers,Your carriers can hold up to 100 interceptors,300
Deadly Vultures,Your vultures' attacks deal 10x damage,400
Immortal immortals,Your immortals have 10x hit points and shields,700
Kill Streak,Your ghosts deal additional damage based on how many kills they have,400
Hit and Run!,Your reapers gain +5 armor while moving,400
Meat Grinder,"Whenever you train a marine, train 5 additional marines that automatically attack the enemy",400
Reaper Blitz,Your reapers deal 10x damage to units and structures that are at maximum hit points,400
Purifier Alliance,"At the 5 minute mark of each mission, the purifier spawns at your base and slowly attacks the enemy and warps in allies",1300
