Item Title,Description,Cost
Rogue Forces (Terran),,300
Progressive Fast Delivery (Terran),,200
Rapid Reinforcement (Terran),,200
Signal Beacon (Terran),,300
Cell Division (Zerg),,300
Self-Sufficient (Zerg),,200
Unrestricted Mutation (Zerg),,300
Evolutionary Leap (Zerg),,300
Elite Mercenaries,All of your Terran and Zerg mercenaries gain 25% damage and hp,400
Armored Mercenaries,All of your Terran and Zerg merenaries gain +1 armor,300
Regenerative Mercenaries,All of your Terran and Zerg mercenaries gain +1 life regeneration per second,300
Sniper Mercenaries,All of your Terran and Zerg mercenaries gain +25% range,400
Affordable Mercenaries,All of your Terran and Zerg mercenaries cost half as many minerals and gas,600
Repeat Contractor,Reduce the cooldown for all Terran and Zerg mercenaries by 30s,200
Spotters,All mercenaries gain 5 vision range,300
Support Crew,"Your non-mercenary units near mercenary units gain +15% to their health, damage, armor, and range",400
