Item Title,Description,Cost
Unlock Spear of Adun,"The Spear of Adun is available on all missions and starts with ""Deploy Pylon"".",400
Chrono Surge (Spear of Adun),,250
Deploy Fenix (Spear of Adun),,600
Guardian Shell (Spear of Adun),,1000
Mass Recall (Spear of Adun),,200
Orbital Strike (Spear of Adun),,200
Overwatch (Spear of Adun),,450
Progressive Proxy Pylon (Spear of Adun),Your pylon now comes with a squad of reinforcements,200
Purifier Beam (Spear of Adun),,800
Pylon Overcharge (Spear of Adun),,100
Reconstruction Beam (Spear of Adun),,450
Shield Overcharge (Spear of Adun),,450
Solar Bombardment (Spear of Adun),,600
Solar Lance (Spear of Adun),,300
Temporal Field (Spear of Adun),,150
Time Stop (Spear of Adun),,900
Increase Spear of Adun Energy Recharge Rate,,400
Reduce Spear of Adun Cooldowns,,400
Reduced Spear of Adun Shop Prices by 50%,,400
